{"schemaVersion":"1.0","appDefinitionTemplate":{"id":"/providers/Microsoft.PowerApps/apps/","type":"Microsoft.PowerApps/apps","tags":{"primaryDeviceWidth":"1366","primaryDeviceHeight":"768","sienaVersion":"20200916T120934Z-3.20091.26.0","deviceCapabilities":"","supportsPortrait":"false","supportsLandscape":"true","primaryFormFactor":"Tablet","publisherVersion":"3.20091.26","minimumRequiredApiVersion":"2.2.0","hasComponent":"false","hasUnlockedComponent":"false","isUnifiedRootApp":"false"},"properties":{"appVersion":"2020-09-16T12:09:34Z","lifeCycleId":"Published","createdByClientVersion":{"major":3,"minor":20091,"build":26,"revision":0,"majorRevision":0,"minorRevision":0},"minClientVersion":{"major":3,"minor":20091,"build":26,"revision":0,"majorRevision":0,"minorRevision":0},"backgroundColor":"rgba(253, 193, 2, 1)","backgroundImageUri":"/13160134726965545380/Nef6116bb-07b3-4380-8dde-68c64880fb4f-logoSmallFile","displayName":"EventApp","description":"Track event attendance, field and monitor questions and display information about your event.","commitMessage":"","appUris":{"documentUri":{"value":"/13160134726965545380/N02b58f64-c126-42d9-a28f-fbf3d275263f-document.msapp","readonlyValue":"/13160134726965545380/N02b58f64-c126-42d9-a28f-fbf3d275263f-document.msapp"},"imageUris":[]},"createdTime":"0001-01-01T00:00:00Z","lastModifiedTime":"0001-01-01T00:00:00Z","sharedGroupsCount":0,"sharedUsersCount":0,"icons":{"smallIconUri":"/13160134726965545380/N2496bde3-554b-4a78-b403-cf306be52d3c-small.png","mediumIconUri":"/13160134726965545380/Nf5f642c8-9420-4305-b2fe-b1c216a650d2-medium.png","largeIconUri":"/13160134726965545380/N0a04acf6-caf3-4b3e-b087-7ed48abbafda-large.png","wideIconUri":"/13160134726965545380/N785cb13d-d400-4f63-ad3b-7d977198bf69-wide.png"},"connectionReferences":{"f61eb15c-09be-432d-902e-bc2f5920fc72":{"id":"71feb547-292c-4130-a4bb-e01c3fca2867","displayName":"Google Sheets","iconUri":"https://connectoricons-prod.azureedge.net/googlesheet/icon_1.0.1345.1995.png","dataSources":["Sheet1","Questions_1","Attendance"],"dependencies":[],"dependents":[],"parameterHints":{},"isOnPremiseConnection":false,"bypassConsent":false,"dataSets":{"1PjeERJgyvEEZSV9Q41axKSnHeIHZQTpVM8hk49smg8Q":{"dataSources":{"Sheet1":{"tableName":"0"},"Questions_1":{"tableName":"1924130889"},"Attendance":{"tableName":"0"}}}},"apiTier":"Standard","isCustomApiConnection":false},"eef5aef7-d9ec-435a-90c1-f203f16a5739":{"id":"df8d0efe-1985-4589-b8aa-64836def453c","displayName":"Office 365 Users","iconUri":"https://connectoricons-prod.azureedge.net/releases/v1.0.1385/1.0.1385.2110/office365users/icon.png","dataSources":["Office365Users"],"dependencies":[],"dependents":[],"parameterHints":{},"isOnPremiseConnection":false,"bypassConsent":false,"dataSets":{},"apiTier":"Standard","isCustomApiConnection":false}},"databaseReferences":{},"almMode":"Environment","performanceOptimizationEnabled":true,"canConsumeAppPass":true},"isAppComponentLibrary":false,"appType":"ClassicCanvasApp","appComponents":[]}}